mut,cv1,cv2,cv3,cv4,cv5,cv6,cv7,cv8,cv9,cv10,coef.mean,coef.sd,coef.CV
A0.B,2.24737493591095,2.24529056008592,2.23865254286521,2.23941635966578,2.24051657117012,2.24808477525522,2.23886649852109,2.24274730174126,2.22750609224088,2.25184733474162,2.24203029721981,0.0067842539523546,0.00302594213859077
A0.C,1.66114357469766,1.66220817767157,1.64930346526656,1.65494664488487,1.65361221432522,1.66329241937894,1.65343514006875,1.65533352338026,1.64258711121077,1.66817557898347,1.65640378498681,0.00747866929328529,0.00451500374550573
A0.D,3.34668916793899,3.35024444627181,3.34535873608222,3.34107005083907,3.34512715940077,3.34924366503162,3.33974216742582,3.34348409581448,3.33620691239506,3.35285144259626,3.34500178437961,0.00508660372318083,0.00152065799992517
A1.B,-1.33128739971619,-1.32544070226933,-1.33905376707338,-1.33093755577235,-1.3373703207993,-1.33634720028123,-1.335000047177,-1.33524481016939,-1.34097918384914,-1.33613537718805,-1.33477963642953,0.00449873408982702,-0.00337039460825226
A1.C,0.786896908612572,0.790803750014955,0.791045794807911,0.789230362139768,0.783586010271498,0.784600937613443,0.786212122542437,0.78363445124625,0.783215542501761,0.78302986282964,0.786225574258024,0.00314938025340196,0.00400569551095319
A1.D,-1.60209029176139,-1.60226421503613,-1.60386858068223,-1.59725095616029,-1.5969920315398,-1.58612559019548,-1.59411815899088,-1.60008325959805,-1.60860909247969,-1.5999987817262,-1.59914009581701,0.0061000125516497,-0.00381455794123726
A2.B,0.73906438350232,0.730098888190024,0.742922818162178,0.73209803386927,0.741469806839846,0.736652131912812,0.73754911916998,0.738804250679884,0.736469133712534,0.741247532232697,0.737637609827154,0.00406763641885478,0.0055144102804193
A2.C,1.00246180975744,0.990778193242182,1.00104190638217,0.999101005004763,1.00281723820854,0.997015644784213,0.999827021006635,1.00013760114465,0.996422789403563,1.0005596022807,0.999016281121485,0.00354840516758658,0.00355189923792151
A2.D,0.44635946845314,0.438035540919416,0.453360887818333,0.44212690606516,0.449600646569475,0.445251994140744,0.448234994005511,0.446652198477157,0.444026281523221,0.449688146667195,0.446333706463935,0.00432145130049447,0.00968210833712522
A3.B,1.30307517218834,1.30614569013451,1.307347005038,1.30020585548321,1.30670242341376,1.30966586871014,1.30774718133938,1.30954051596528,1.3077675222515,1.31206539910835,1.30702626336325,0.00338071821639407,0.00258657252050528
A3.C,1.96639207901175,1.96356048484951,1.96774687671315,1.95614928476911,1.97117607216087,1.96677657717002,1.96954324698204,1.97081474113678,1.96831272814907,1.97051787598476,1.96709899669271,0.0045093265453909,0.00229237397455464
A3.D,-0.219666383767218,-0.227786933530945,-0.221946688857608,-0.215022248993998,-0.215069805012445,-0.216839093586925,-0.215633929968091,-0.217471873136516,-0.213309801094791,-0.213479907541969,-0.217622666549051,0.00446990684471223,-0.0205397117662132
A4.B,-4.12541807453976,-4.11515849613876,-4.12303819740884,-4.10690551352762,-4.12239987754739,-4.11072116375613,-4.10404650122215,-4.11828824741133,-4.12455061116401,-4.11215536818419,-4.11626820509002,0.0076432666306131,-0.00185684368699827
A4.C,-1.78858715778112,-1.78753229533092,-1.79442424885976,-1.79236777197412,-1.79167089124007,-1.78630223169326,-1.79041307816005,-1.78842052193538,-1.78803504138931,-1.78829110361015,-1.78960443419741,0.00253011704262451,-0.0014137856356839
A4.D,-3.58640134270279,-3.59169445759145,-3.60348860343084,-3.5785720376268,-3.5996467275218,-3.5771310156184,-3.59625788941968,-3.59698706121093,-3.58416956675886,-3.5906690170249,-3.59050177189064,0.00886275833595719,-0.00246838990732216
A5.B,-2.42282819260008,-2.41769896741094,-2.42232765180966,-2.41826960299941,-2.41987862199877,-2.41887003284251,-2.4144429102507,-2.41847102041547,-2.42161027546315,-2.42232939252986,-2.41967266683205,0.00264918920784425,-0.00109485437603124
A5.C,0.237172209768784,0.241328933569777,0.242295643802885,0.242271457220268,0.242575971569289,0.242017065692864,0.243621513235444,0.239905953451134,0.245056226474451,0.243550717039828,0.241979569182472,0.00218597608446704,0.00903372169746545
A5.D,-0.238866442000888,-0.232685576983705,-0.23318828604636,-0.242148191361926,-0.238104252115303,-0.240280812814737,-0.236195624263767,-0.244819506811934,-0.23423783475877,-0.239803215445236,-0.238032974260263,0.00396824782582704,-0.0166710004702466
A6.B,-3.50962429351806,-3.50124353016923,-3.510275313841,-3.49370318851836,-3.51761739862662,-3.49999827896906,-3.48747847845049,-3.48339788450517,-3.51259860687808,-3.50957438776193,-3.5025511361238,0.0113896035516916,-0.00325180221759625
A6.C,-1.24073989717284,-1.24065139918039,-1.2282849840864,-1.2408512446334,-1.23307079699921,-1.24187332062038,-1.23722201163114,-1.24047967045183,-1.23886014006068,-1.2407941395395,-1.23828276043758,0.00435697770676496,-0.00351856445552495
A6.D,-2.59383943983546,-2.59100839097978,-2.58935459076165,-2.58879193994864,-2.60310325227034,-2.5923732464712,-2.58753680419116,-2.58261167685129,-2.58771264072637,-2.58586026092073,-2.59021922429566,0.00555282854227818,-0.00214376779007503
A7.B,-3.90174008506487,-3.90299543729391,-3.89935910064381,-3.87546956068963,-3.90716939710697,-3.89342375882712,-3.87197850561989,-3.89033680730912,-3.9018688416523,-3.88419224368574,-3.89285337378934,0.0121564681244121,-0.00312276547744179
A7.C,-1.31443715389534,-1.32253313429889,-1.31904839792535,-1.31686164066363,-1.31112559417219,-1.31461364960806,-1.31367951582129,-1.31033906447801,-1.30945063909698,-1.317427594507,-1.31495163844667,0.00411249665314842,-0.00312748889990086
A7.D,-2.85399620235776,-2.858410565311,-2.86422599213305,-2.84768786426506,-2.87368434931938,-2.85036663058675,-2.85749590128931,-2.85497377427854,-2.87130131403148,-2.86618058516532,-2.85983231787376,0.00872578822543206,-0.00305115379349218
